component_id,area_id
P00320013LZ-CW1,pasig-marikina-tullahan
P00320013LZ-CW1,pasig-marikina-tullahan__down
P00448737LZ-CW1,pasig-marikina-tullahan
P00448737LZ-CW1,pasig-marikina-tullahan__down
P00525480LZ-CW1,pasig-marikina-tullahan
P00525480LZ-CW1,pasig-marikina-tullahan__down
P00525501LZ-CW1,pasig-marikina-tullahan
P00525501LZ-CW1,pasig-marikina-tullahan__down
P00525501LZ-CW1,quezon-city
P00525706LZ-CW1,pasig-marikina-tullahan
P00525706LZ-CW1,pasig-marikina-tullahan__down
P00525707LZ-CW1,pasig-marikina-tullahan
P00525707LZ-CW1,pasig-marikina-tullahan__down
P00525709LZ-CW1,pasig-marikina-tullahan
P00525709LZ-CW1,pasig-marikina-tullahan__down
P00525710LZ-CW1,pasig-marikina-tullahan
P00525710LZ-CW1,pasig-marikina-tullahan__down
P00525711LZ-CW1,pasig-marikina-tullahan
P00525711LZ-CW1,pasig-marikina-tullahan__down
P00525712LZ-CW1,pasig-marikina-tullahan
P00525712LZ-CW1,pasig-marikina-tullahan__down
P00525717LZ-CW1,pasig-marikina-tullahan
P00525717LZ-CW1,pasig-marikina-tullahan__down
P00525720LZ-CW1,pasig-marikina-tullahan
P00525720LZ-CW1,pasig-marikina-tullahan__down
P00525744LZ-CW1,pasig-marikina-tullahan
P00525744LZ-CW1,pasig-marikina-tullahan__down
P00525745LZ-CW1,pasig-marikina-tullahan
P00525745LZ-CW1,pasig-marikina-tullahan__down
P00525746LZ-CW1,pasig-marikina-tullahan
P00525746LZ-CW1,pasig-marikina-tullahan__down
P00525747LZ-CW1,pasig-marikina-tullahan
P00525747LZ-CW1,pasig-marikina-tullahan__down
P00525749LZ-CW1,pasig-marikina-tullahan
P00525749LZ-CW1,pasig-marikina-tullahan__down
P00525765LZ-CW1,pasig-marikina-tullahan
P00525765LZ-CW1,pasig-marikina-tullahan__down
P00525777LZ-CW1,pasig-marikina-tullahan
P00525777LZ-CW1,pasig-marikina-tullahan__down
P00525778LZ-CW1,pasig-marikina-tullahan
P00525778LZ-CW1,pasig-marikina-tullahan__down
P00525791LZ-CW1,pasig-marikina-tullahan
P00525791LZ-CW1,pasig-marikina-tullahan__down
P00525799LZ-CW1,pasig-marikina-tullahan
P00525799LZ-CW1,pasig-marikina-tullahan__down
P00525817LZ-CW1,pasig-marikina-tullahan
P00525817LZ-CW1,pasig-marikina-tullahan__down
P00525818LZ-CW1,pasig-marikina-tullahan
P00525818LZ-CW1,pasig-marikina-tullahan__down
P00525819LZ-CW1,pasig-marikina-tullahan
P00525819LZ-CW1,pasig-marikina-tullahan__down
P00525820LZ-CW1,pasig-marikina-tullahan
P00525820LZ-CW1,pasig-marikina-tullahan__down
P00525827LZ-CW1,pasig-marikina-tullahan
P00525827LZ-CW1,pasig-marikina-tullahan__down
P00525828LZ-CW1,pasig-marikina-tullahan
P00525828LZ-CW1,pasig-marikina-tullahan__down
P00525836LZ-CW1,pasig-marikina-tullahan
P00525836LZ-CW1,pasig-marikina-tullahan__down
P00525836LZ-CW1,quezon-city
P00525838LZ-CW1,pasig-marikina-tullahan
P00525838LZ-CW1,pasig-marikina-tullahan__down
P00525838LZ-CW1,quezon-city
P00525839LZ-CW1,pasig-marikina-tullahan
P00525839LZ-CW1,pasig-marikina-tullahan__down
P00525839LZ-CW1,quezon-city
P00525840LZ-CW1,pasig-marikina-tullahan
P00525840LZ-CW1,pasig-marikina-tullahan__down
P00525840LZ-CW1,quezon-city
P00526308LZ-CW1,pasig-marikina-tullahan
P00526308LZ-CW1,pasig-marikina-tullahan__down
P00561148LZ-CW1,pasig-marikina-tullahan
P00561148LZ-CW1,pasig-marikina-tullahan__down
P00561152LZ-CW1,pasig-marikina-tullahan
P00561152LZ-CW1,pasig-marikina-tullahan__down
P00561155LZ-CW1,pasig-marikina-tullahan
P00561155LZ-CW1,pasig-marikina-tullahan__down
P00561157LZ-CW1,pasig-marikina-tullahan
P00561157LZ-CW1,pasig-marikina-tullahan__down
P00561158LZ-CW1,pasig-marikina-tullahan
P00561158LZ-CW1,pasig-marikina-tullahan__down
P00561158LZ-CW1,quezon-city
P00561203LZ-CW1,pasig-marikina-tullahan
P00561203LZ-CW1,pasig-marikina-tullahan__down
P00561443LZ-CW1,pasig-marikina-tullahan
P00561443LZ-CW1,pasig-marikina-tullahan__down
P00561443LZ-CW1,quezon-city
P00561444LZ-CW1,pasig-marikina-tullahan
P00561444LZ-CW1,pasig-marikina-tullahan__down
P00561444LZ-CW1,quezon-city
P00561465LZ-CW1,pasig-marikina-tullahan
P00561465LZ-CW1,pasig-marikina-tullahan__down
P00561558LZ-CW1,pasig-marikina-tullahan
P00561558LZ-CW1,pasig-marikina-tullahan__down
P00561559LZ-CW1,pasig-marikina-tullahan
P00561559LZ-CW1,pasig-marikina-tullahan__down
P00561563LZ-CW1,pasig-marikina-tullahan
P00561563LZ-CW1,pasig-marikina-tullahan__down
P00561564LZ-CW1,pasig-marikina-tullahan
P00561564LZ-CW1,pasig-marikina-tullahan__up
P00561565LZ-CW1,pasig-marikina-tullahan
P00561565LZ-CW1,pasig-marikina-tullahan__down
P00561566LZ-CW1,pasig-marikina-tullahan
P00561566LZ-CW1,pasig-marikina-tullahan__down
P00561568LZ-CW1,pasig-marikina-tullahan
P00561568LZ-CW1,pasig-marikina-tullahan__down
P00561569LZ-CW1,pasig-marikina-tullahan
P00561569LZ-CW1,pasig-marikina-tullahan__down
P00561571LZ-CW1,pasig-marikina-tullahan
P00561571LZ-CW1,pasig-marikina-tullahan__down
P00561605LZ-CW1,pasig-marikina-tullahan
P00561605LZ-CW1,pasig-marikina-tullahan__down
P00561611LZ-CW1,pasig-marikina-tullahan
P00561611LZ-CW1,pasig-marikina-tullahan__down
P00561615LZ-CW1,pasig-marikina-tullahan
P00561615LZ-CW1,pasig-marikina-tullahan__down
P00561615LZ-CW1,quezon-city
P00561799LZ-CW1,pasig-marikina-tullahan
P00561799LZ-CW1,pasig-marikina-tullahan__down
P00561800LZ-CW1,pasig-marikina-tullahan
P00561800LZ-CW1,pasig-marikina-tullahan__down
P00561804LZ-CW1,pasig-marikina-tullahan
P00561804LZ-CW1,pasig-marikina-tullahan__down
P00620002LZ-CW1,pasig-marikina-tullahan
P00620002LZ-CW1,pasig-marikina-tullahan__down
P00620006LZ-CW1,pasig-marikina-tullahan
P00620006LZ-CW1,pasig-marikina-tullahan__down
P00620011LZ-CW1,pasig-marikina-tullahan
P00620011LZ-CW1,pasig-marikina-tullahan__down
P00620012LZ-CW1,pasig-marikina-tullahan
P00620012LZ-CW1,pasig-marikina-tullahan__down
P00620013LZ-CW1,pasig-marikina-tullahan
P00620013LZ-CW1,pasig-marikina-tullahan__down
P00620016LZ-CW1,pasig-marikina-tullahan
P00620016LZ-CW1,pasig-marikina-tullahan__down
P00620017LZ-CW1,pasig-marikina-tullahan
P00620017LZ-CW1,pasig-marikina-tullahan__down
P00620018LZ-CW1,pasig-marikina-tullahan
P00620018LZ-CW1,pasig-marikina-tullahan__down
P00620019LZ-CW1,pasig-marikina-tullahan
P00620019LZ-CW1,pasig-marikina-tullahan__down
P00620020LZ-CW1,pasig-marikina-tullahan
P00620020LZ-CW1,pasig-marikina-tullahan__down
P00620028LZ-CW1,pasig-marikina-tullahan
P00620028LZ-CW1,pasig-marikina-tullahan__down
P00620032LZ-CW1,pasig-marikina-tullahan
P00620032LZ-CW1,pasig-marikina-tullahan__down
P00620033LZ-CW1,pasig-marikina-tullahan
P00620033LZ-CW1,pasig-marikina-tullahan__down
P00620045LZ-CW1,pasig-marikina-tullahan
P00620045LZ-CW1,pasig-marikina-tullahan__down
P00620046LZ-CW1,pasig-marikina-tullahan
P00620046LZ-CW1,pasig-marikina-tullahan__down
P00620059LZ-CW1,pasig-marikina-tullahan
P00620059LZ-CW1,pasig-marikina-tullahan__down
P00620061LZ-CW1,pasig-marikina-tullahan
P00620061LZ-CW1,pasig-marikina-tullahan__down
P00620062LZ-CW1,pasig-marikina-tullahan
P00620062LZ-CW1,pasig-marikina-tullahan__down
P00620063LZ-CW1,pasig-marikina-tullahan
P00620063LZ-CW1,pasig-marikina-tullahan__down
P00620064LZ-CW1,pasig-marikina-tullahan
P00620064LZ-CW1,pasig-marikina-tullahan__down
P00620065LZ-CW1,pasig-marikina-tullahan
P00620065LZ-CW1,pasig-marikina-tullahan__down
P00620068LZ-CW1,pasig-marikina-tullahan
P00620068LZ-CW1,pasig-marikina-tullahan__down
P00620078LZ-CW1,pasig-marikina-tullahan
P00620078LZ-CW1,pasig-marikina-tullahan__down
P00620079LZ-CW1,pasig-marikina-tullahan
P00620079LZ-CW1,pasig-marikina-tullahan__up
P00620080LZ-CW1,pasig-marikina-tullahan
P00620080LZ-CW1,pasig-marikina-tullahan__down
P00620087LZ-CW1,pasig-marikina-tullahan
P00620087LZ-CW1,pasig-marikina-tullahan__down
P00620091LZ-CW1,pasig-marikina-tullahan
P00620091LZ-CW1,pasig-marikina-tullahan__down
P00620093LZ-CW1,pasig-marikina-tullahan
P00620093LZ-CW1,pasig-marikina-tullahan__down
P00620094LZ-CW1,pasig-marikina-tullahan
P00620094LZ-CW1,pasig-marikina-tullahan__down
P00620095LZ-CW1,pasig-marikina-tullahan
P00620095LZ-CW1,pasig-marikina-tullahan__down
P00620096LZ-CW1,pasig-marikina-tullahan
P00620096LZ-CW1,pasig-marikina-tullahan__down
P00620097LZ-CW1,pasig-marikina-tullahan
P00620097LZ-CW1,pasig-marikina-tullahan__down
P00620098LZ-CW1,pasig-marikina-tullahan
P00620098LZ-CW1,pasig-marikina-tullahan__down
P00620099LZ-CW1,pasig-marikina-tullahan
P00620099LZ-CW1,pasig-marikina-tullahan__down
P00620100LZ-CW1,pasig-marikina-tullahan
P00620100LZ-CW1,pasig-marikina-tullahan__down
P00620101LZ-CW1,pasig-marikina-tullahan
P00620101LZ-CW1,pasig-marikina-tullahan__down
P00620103LZ-CW1,pasig-marikina-tullahan
P00620103LZ-CW1,pasig-marikina-tullahan__down
P00620104LZ-CW1,pasig-marikina-tullahan
P00620104LZ-CW1,pasig-marikina-tullahan__down
P00620104LZ-CW1,quezon-city
P00620112LZ-CW1,pasig-marikina-tullahan
P00620112LZ-CW1,pasig-marikina-tullahan__down
P00620114LZ-CW1,pasig-marikina-tullahan
P00620114LZ-CW1,pasig-marikina-tullahan__down
P00620114LZ-CW1,quezon-city
P00620115LZ-CW1,pasig-marikina-tullahan
P00620115LZ-CW1,pasig-marikina-tullahan__down
P00620148LZ-CW1,pasig-marikina-tullahan
P00620148LZ-CW1,pasig-marikina-tullahan__down
P00620214LZ-CW1,pasig-marikina-tullahan
P00620214LZ-CW1,pasig-marikina-tullahan__down
P00620216LZ-CW1,antipolo-rodriguez-uplands
P00620216LZ-CW1,pasig-marikina-tullahan
P00620216LZ-CW1,pasig-marikina-tullahan__up
P00620217LZ-CW1,antipolo-rodriguez-uplands
P00620217LZ-CW1,pasig-marikina-tullahan
P00620217LZ-CW1,pasig-marikina-tullahan__up
P00620254LZ-CW1,pasig-marikina-tullahan
P00620254LZ-CW1,pasig-marikina-tullahan__up
P00620337LZ-CW1,pasig-marikina-tullahan
P00620337LZ-CW1,pasig-marikina-tullahan__down
P00620338LZ-CW1,pasig-marikina-tullahan
P00620338LZ-CW1,pasig-marikina-tullahan__down
P00620339LZ-CW1,pasig-marikina-tullahan
P00620339LZ-CW1,pasig-marikina-tullahan__down
P00620340LZ-CW1,pasig-marikina-tullahan
P00620340LZ-CW1,pasig-marikina-tullahan__down
P00620342LZ-CW1,pasig-marikina-tullahan
P00620342LZ-CW1,pasig-marikina-tullahan__down
P00620343LZ-CW1,pasig-marikina-tullahan
P00620343LZ-CW1,pasig-marikina-tullahan__down
P00620345LZ-CW1,pasig-marikina-tullahan
P00620345LZ-CW1,pasig-marikina-tullahan__down
P00620346LZ-CW1,pasig-marikina-tullahan
P00620346LZ-CW1,pasig-marikina-tullahan__down
P00620347LZ-CW1,pasig-marikina-tullahan
P00620347LZ-CW1,pasig-marikina-tullahan__down
P00620348LZ-CW1,pasig-marikina-tullahan
P00620348LZ-CW1,pasig-marikina-tullahan__down
P00620349LZ-CW1,pasig-marikina-tullahan
P00620349LZ-CW1,pasig-marikina-tullahan__down
P00620350LZ-CW1,pasig-marikina-tullahan
P00620350LZ-CW1,pasig-marikina-tullahan__down
P00620351LZ-CW1,pasig-marikina-tullahan
P00620351LZ-CW1,pasig-marikina-tullahan__down
P00620352LZ-CW1,pasig-marikina-tullahan
P00620352LZ-CW1,pasig-marikina-tullahan__down
P00620353LZ-CW1,pasig-marikina-tullahan
P00620353LZ-CW1,pasig-marikina-tullahan__down
P00620354LZ-CW1,pasig-marikina-tullahan
P00620354LZ-CW1,pasig-marikina-tullahan__down
P00620358LZ-CW1,pasig-marikina-tullahan
P00620358LZ-CW1,pasig-marikina-tullahan__down
P00620360LZ-CW1,pasig-marikina-tullahan
P00620360LZ-CW1,pasig-marikina-tullahan__down
P00620361LZ-CW1,pasig-marikina-tullahan
P00620361LZ-CW1,pasig-marikina-tullahan__down
P00620362LZ-CW1,pasig-marikina-tullahan
P00620362LZ-CW1,pasig-marikina-tullahan__down
P00620364LZ-CW1,pasig-marikina-tullahan
P00620364LZ-CW1,pasig-marikina-tullahan__down
P00620367LZ-CW1,pasig-marikina-tullahan
P00620367LZ-CW1,pasig-marikina-tullahan__down
P00620371LZ-CW1,pasig-marikina-tullahan
P00620371LZ-CW1,pasig-marikina-tullahan__down
P00620372LZ-CW1,pasig-marikina-tullahan
P00620372LZ-CW1,pasig-marikina-tullahan__down
P00620373LZ-CW1,pasig-marikina-tullahan
P00620373LZ-CW1,pasig-marikina-tullahan__down
P00620375LZ-CW1,pasig-marikina-tullahan
P00620375LZ-CW1,pasig-marikina-tullahan__down
P00620378LZ-CW1,pasig-marikina-tullahan
P00620378LZ-CW1,pasig-marikina-tullahan__down
P00620379LZ-CW1,pasig-marikina-tullahan
P00620379LZ-CW1,pasig-marikina-tullahan__down
P00620382LZ-CW1,pasig-marikina-tullahan
P00620382LZ-CW1,pasig-marikina-tullahan__down
P00620385LZ-CW1,pasig-marikina-tullahan
P00620385LZ-CW1,pasig-marikina-tullahan__down
P00620387LZ-CW1,pasig-marikina-tullahan
P00620387LZ-CW1,pasig-marikina-tullahan__down
P00620388LZ-CW1,pasig-marikina-tullahan
P00620388LZ-CW1,pasig-marikina-tullahan__down
P00620389LZ-CW1,pasig-marikina-tullahan
P00620389LZ-CW1,pasig-marikina-tullahan__down
P00620392LZ-CW1,pasig-marikina-tullahan
P00620392LZ-CW1,pasig-marikina-tullahan__down
P00620393LZ-CW1,pasig-marikina-tullahan
P00620393LZ-CW1,pasig-marikina-tullahan__down
P00620395LZ-CW1,pasig-marikina-tullahan
P00620395LZ-CW1,pasig-marikina-tullahan__down
P00620399LZ-CW1,pasig-marikina-tullahan
P00620399LZ-CW1,pasig-marikina-tullahan__down
P00620399LZ-CW1,quezon-city
P00620400LZ-CW1,pasig-marikina-tullahan
P00620400LZ-CW1,pasig-marikina-tullahan__down
P00620401LZ-CW1,pasig-marikina-tullahan
P00620401LZ-CW1,pasig-marikina-tullahan__down
P00620411LZ-CW1,pasig-marikina-tullahan
P00620411LZ-CW1,pasig-marikina-tullahan__down
P00620413LZ-CW1,pasig-marikina-tullahan
P00620413LZ-CW1,pasig-marikina-tullahan__down
P00620414LZ-CW1,pasig-marikina-tullahan
P00620414LZ-CW1,pasig-marikina-tullahan__down
P00620415LZ-CW1,pasig-marikina-tullahan
P00620415LZ-CW1,pasig-marikina-tullahan__down
P00620419LZ-CW1,pasig-marikina-tullahan
P00620419LZ-CW1,pasig-marikina-tullahan__down
P00620422LZ-CW1,pasig-marikina-tullahan
P00620422LZ-CW1,pasig-marikina-tullahan__down
P00620423LZ-CW1,pasig-marikina-tullahan
P00620423LZ-CW1,pasig-marikina-tullahan__down
P00620424LZ-CW1,pasig-marikina-tullahan
P00620424LZ-CW1,pasig-marikina-tullahan__down
P00620426LZ-CW1,pasig-marikina-tullahan
P00620426LZ-CW1,pasig-marikina-tullahan__down
P00620428LZ-CW1,pasig-marikina-tullahan
P00620428LZ-CW1,pasig-marikina-tullahan__down
P00620429LZ-CW1,pasig-marikina-tullahan
P00620429LZ-CW1,pasig-marikina-tullahan__down
P00620431LZ-CW1,pasig-marikina-tullahan
P00620431LZ-CW1,pasig-marikina-tullahan__down
P00620432LZ-CW1,pasig-marikina-tullahan
P00620432LZ-CW1,pasig-marikina-tullahan__down
P00620433LZ-CW1,pasig-marikina-tullahan
P00620433LZ-CW1,pasig-marikina-tullahan__down
P00620434LZ-CW1,pasig-marikina-tullahan
P00620434LZ-CW1,pasig-marikina-tullahan__down
P00620435LZ-CW1,pasig-marikina-tullahan
P00620435LZ-CW1,pasig-marikina-tullahan__down
P00620436LZ-CW1,pasig-marikina-tullahan
P00620436LZ-CW1,pasig-marikina-tullahan__down
P00620438LZ-CW1,pasig-marikina-tullahan
P00620438LZ-CW1,pasig-marikina-tullahan__down
P00620440LZ-CW1,pasig-marikina-tullahan
P00620440LZ-CW1,pasig-marikina-tullahan__down
P00620440LZ-CW1,quezon-city
P00620441LZ-CW1,pasig-marikina-tullahan
P00620441LZ-CW1,pasig-marikina-tullahan__down
P00620441LZ-CW1,quezon-city
P00620442LZ-CW1,pasig-marikina-tullahan
P00620442LZ-CW1,pasig-marikina-tullahan__down
P00620442LZ-CW1,quezon-city
P00620443LZ-CW1,pasig-marikina-tullahan
P00620443LZ-CW1,pasig-marikina-tullahan__down
P00620443LZ-CW1,quezon-city
P00620444LZ-CW1,pasig-marikina-tullahan
P00620444LZ-CW1,pasig-marikina-tullahan__down
P00620444LZ-CW1,quezon-city
P00620445LZ-CW1,pasig-marikina-tullahan
P00620445LZ-CW1,pasig-marikina-tullahan__down
P00620445LZ-CW1,quezon-city
P00620447LZ-CW1,pasig-marikina-tullahan
P00620447LZ-CW1,pasig-marikina-tullahan__down
P00620447LZ-CW1,quezon-city
P00620449LZ-CW1,pasig-marikina-tullahan
P00620449LZ-CW1,pasig-marikina-tullahan__down
P00620449LZ-CW1,quezon-city
P00620450LZ-CW1,pasig-marikina-tullahan
P00620450LZ-CW1,pasig-marikina-tullahan__down
P00620450LZ-CW1,quezon-city
P00620451LZ-CW1,pasig-marikina-tullahan
P00620451LZ-CW1,pasig-marikina-tullahan__down
P00620451LZ-CW1,quezon-city
P00620452LZ-CW1,pasig-marikina-tullahan
P00620452LZ-CW1,pasig-marikina-tullahan__down
P00620452LZ-CW1,quezon-city
P00620454LZ-CW1,pasig-marikina-tullahan
P00620454LZ-CW1,pasig-marikina-tullahan__down
P00620621LZ-CW1,antipolo-rodriguez-uplands
P00620621LZ-CW1,pasig-marikina-tullahan
P00620621LZ-CW1,pasig-marikina-tullahan__up
P00620622LZ-CW1,antipolo-rodriguez-uplands
P00620622LZ-CW1,pasig-marikina-tullahan
P00620622LZ-CW1,pasig-marikina-tullahan__up
P00620624LZ-CW1,pasig-marikina-tullahan
P00620624LZ-CW1,pasig-marikina-tullahan__up
P00620629LZ-CW1,antipolo-rodriguez-uplands
P00620629LZ-CW1,pasig-marikina-tullahan
P00620629LZ-CW1,pasig-marikina-tullahan__up
P00620631LZ-CW1,pasig-marikina-tullahan
P00620631LZ-CW1,pasig-marikina-tullahan__up
P00620633LZ-CW1,pasig-marikina-tullahan
P00620633LZ-CW1,pasig-marikina-tullahan__down
P00620634LZ-CW1,antipolo-rodriguez-uplands
P00620634LZ-CW1,pasig-marikina-tullahan
P00620634LZ-CW1,pasig-marikina-tullahan__up
P00620640LZ-CW1,antipolo-rodriguez-uplands
P00620640LZ-CW1,pasig-marikina-tullahan
P00620640LZ-CW1,pasig-marikina-tullahan__up
P00620641LZ-CW1,pasig-marikina-tullahan
P00620641LZ-CW1,pasig-marikina-tullahan__up
P00620649LZ-CW1,antipolo-rodriguez-uplands
P00620649LZ-CW1,pasig-marikina-tullahan
P00620649LZ-CW1,pasig-marikina-tullahan__up
P00620765LZ-CW1,pasig-marikina-tullahan
P00620765LZ-CW1,pasig-marikina-tullahan__down
P00620766LZ-CW1,pasig-marikina-tullahan
P00620766LZ-CW1,pasig-marikina-tullahan__down
P00620766LZ-CW1,quezon-city
P00620767LZ-CW1,pasig-marikina-tullahan
P00620767LZ-CW1,pasig-marikina-tullahan__down
P00620767LZ-CW1,quezon-city
P00620926LZ-CW1,pasig-marikina-tullahan
P00620926LZ-CW1,pasig-marikina-tullahan__down
P00620926LZ-CW1,quezon-city
P00620927LZ-CW1,pasig-marikina-tullahan
P00620927LZ-CW1,pasig-marikina-tullahan__down
P00620927LZ-CW1,quezon-city
P00620928LZ-CW1,pasig-marikina-tullahan
P00620928LZ-CW1,pasig-marikina-tullahan__down
P00620928LZ-CW1,quezon-city
P00621102LZ-CW1,pasig-marikina-tullahan
P00621102LZ-CW1,pasig-marikina-tullahan__down
P00621132LZ-CW1,pasig-marikina-tullahan
P00621132LZ-CW1,pasig-marikina-tullahan__down
P00621133LZ-CW1,pasig-marikina-tullahan
P00621133LZ-CW1,pasig-marikina-tullahan__down
P00621134LZ-CW1,pasig-marikina-tullahan
P00621134LZ-CW1,pasig-marikina-tullahan__down
P00621153LZ-CW1,pasig-marikina-tullahan
P00621153LZ-CW1,pasig-marikina-tullahan__down
P00621266LZ-CW1,pasig-marikina-tullahan
P00621266LZ-CW1,pasig-marikina-tullahan__down
P00621266LZ-CW1,quezon-city
P00621270LZ-CW1,pasig-marikina-tullahan
P00621270LZ-CW1,pasig-marikina-tullahan__down
P00621271LZ-CW1,pasig-marikina-tullahan
P00621271LZ-CW1,pasig-marikina-tullahan__down
P00621405LZ-CW1,pasig-marikina-tullahan
P00621405LZ-CW1,pasig-marikina-tullahan__down
P00621406LZ-CW1,pasig-marikina-tullahan
P00621406LZ-CW1,pasig-marikina-tullahan__down
P00621408LZ-CW1,pasig-marikina-tullahan
P00621408LZ-CW1,pasig-marikina-tullahan__down
P00621409LZ-CW1,pasig-marikina-tullahan
P00621409LZ-CW1,pasig-marikina-tullahan__down
P00621410LZ-CW1,pasig-marikina-tullahan
P00621410LZ-CW1,pasig-marikina-tullahan__down
P00621411LZ-CW1,pasig-marikina-tullahan
P00621411LZ-CW1,pasig-marikina-tullahan__down
P00621411LZ-CW1,quezon-city
P00621430LZ-CW1,pasig-marikina-tullahan
P00621430LZ-CW1,pasig-marikina-tullahan__down
P00621431LZ-CW1,pasig-marikina-tullahan
P00621431LZ-CW1,pasig-marikina-tullahan__down
P00621432LZ-CW1,pasig-marikina-tullahan
P00621432LZ-CW1,pasig-marikina-tullahan__down
P00621433LZ-CW1,pasig-marikina-tullahan
P00621433LZ-CW1,pasig-marikina-tullahan__down
P00621434LZ-CW1,pasig-marikina-tullahan
P00621434LZ-CW1,pasig-marikina-tullahan__down
P00621434LZ-CW1,quezon-city
P00621436LZ-CW1,pasig-marikina-tullahan
P00621436LZ-CW1,pasig-marikina-tullahan__down
P00621436LZ-CW1,quezon-city
P00621437LZ-CW1,pasig-marikina-tullahan
P00621437LZ-CW1,pasig-marikina-tullahan__down
P00621437LZ-CW1,quezon-city
P00621438LZ-CW1,pasig-marikina-tullahan
P00621438LZ-CW1,pasig-marikina-tullahan__down
P00621438LZ-CW1,quezon-city
P00621584LZ-CW1,pasig-marikina-tullahan
P00621584LZ-CW1,pasig-marikina-tullahan__down
P00621584LZ-CW1,quezon-city
P00630923LZ-CW1,pasig-marikina-tullahan
P00630923LZ-CW1,pasig-marikina-tullahan__down
P00630924LZ-CW1,pasig-marikina-tullahan
P00630924LZ-CW1,pasig-marikina-tullahan__down
P00630924LZ-CW1,quezon-city
P00630925LZ-CW1,pasig-marikina-tullahan
P00630925LZ-CW1,pasig-marikina-tullahan__down
P00630925LZ-CW1,quezon-city
P00630926LZ-CW1,quezon-city
P00630946LZ-CW1,pasig-marikina-tullahan
P00630946LZ-CW1,pasig-marikina-tullahan__down
P00630947LZ-CW1,pasig-marikina-tullahan
P00630947LZ-CW1,pasig-marikina-tullahan__down
P00630948LZ-CW1,pasig-marikina-tullahan
P00630948LZ-CW1,pasig-marikina-tullahan__down
P00630949LZ-CW1,pasig-marikina-tullahan
P00630949LZ-CW1,pasig-marikina-tullahan__down
P00630950LZ-CW1,pasig-marikina-tullahan
P00630950LZ-CW1,pasig-marikina-tullahan__down
P00631012LZ-CW1,pasig-marikina-tullahan
P00631012LZ-CW1,pasig-marikina-tullahan__down
P00631013LZ-CW1,pasig-marikina-tullahan
P00631013LZ-CW1,pasig-marikina-tullahan__down
P00631014LZ-CW1,pasig-marikina-tullahan
P00631014LZ-CW1,pasig-marikina-tullahan__down
P00631016LZ-CW1,pasig-marikina-tullahan
P00631016LZ-CW1,pasig-marikina-tullahan__down
P00631018LZ-CW1,pasig-marikina-tullahan
P00631018LZ-CW1,pasig-marikina-tullahan__down
P00631019LZ-CW1,pasig-marikina-tullahan
P00631019LZ-CW1,pasig-marikina-tullahan__down
P00631020LZ-CW1,pasig-marikina-tullahan
P00631020LZ-CW1,pasig-marikina-tullahan__down
P00631021LZ-CW1,pasig-marikina-tullahan
P00631021LZ-CW1,pasig-marikina-tullahan__down
P00631022LZ-CW1,pasig-marikina-tullahan
P00631022LZ-CW1,pasig-marikina-tullahan__down
P00631023LZ-CW1,pasig-marikina-tullahan
P00631023LZ-CW1,pasig-marikina-tullahan__down
P00631024LZ-CW1,pasig-marikina-tullahan
P00631024LZ-CW1,pasig-marikina-tullahan__down
P00631025LZ-CW1,pasig-marikina-tullahan
P00631025LZ-CW1,pasig-marikina-tullahan__down
P00631035LZ-CW1,pasig-marikina-tullahan
P00631035LZ-CW1,pasig-marikina-tullahan__down
P00631036LZ-CW1,pasig-marikina-tullahan
P00631036LZ-CW1,pasig-marikina-tullahan__down
P00631037LZ-CW1,pasig-marikina-tullahan
P00631037LZ-CW1,pasig-marikina-tullahan__down
P00631037LZ-CW1,quezon-city
P00631038LZ-CW1,pasig-marikina-tullahan
P00631038LZ-CW1,pasig-marikina-tullahan__down
P00631038LZ-CW1,quezon-city
P00631039LZ-CW1,pasig-marikina-tullahan
P00631039LZ-CW1,pasig-marikina-tullahan__down
P00631039LZ-CW1,quezon-city
P00631041LZ-CW1,pasig-marikina-tullahan
P00631041LZ-CW1,pasig-marikina-tullahan__down
P00631041LZ-CW1,quezon-city
P00631042LZ-CW1,pasig-marikina-tullahan
P00631042LZ-CW1,pasig-marikina-tullahan__down
P00631042LZ-CW1,quezon-city
P00631044LZ-CW1,pasig-marikina-tullahan
P00631044LZ-CW1,pasig-marikina-tullahan__down
P00631044LZ-CW1,quezon-city
P00631045LZ-CW1,pasig-marikina-tullahan
P00631045LZ-CW1,pasig-marikina-tullahan__down
P00631045LZ-CW1,quezon-city
P00631048LZ-CW1,pasig-marikina-tullahan
P00631048LZ-CW1,pasig-marikina-tullahan__down
P00631048LZ-CW1,quezon-city
P00631050LZ-CW1,pasig-marikina-tullahan
P00631050LZ-CW1,pasig-marikina-tullahan__down
P00631050LZ-CW1,quezon-city
P00631051LZ-CW1,pasig-marikina-tullahan
P00631051LZ-CW1,pasig-marikina-tullahan__down
P00631051LZ-CW1,quezon-city
P00631052LZ-CW1,pasig-marikina-tullahan
P00631052LZ-CW1,pasig-marikina-tullahan__down
P00631052LZ-CW1,quezon-city
P00631314LZ-CW1,pasig-marikina-tullahan
P00631314LZ-CW1,pasig-marikina-tullahan__down
P00632694LZ-CW1,pasig-marikina-tullahan
P00632694LZ-CW1,pasig-marikina-tullahan__down
P00632695LZ-CW1,pasig-marikina-tullahan
P00632695LZ-CW1,pasig-marikina-tullahan__down
P00632702LZ-CW1,pasig-marikina-tullahan
P00632702LZ-CW1,pasig-marikina-tullahan__down
P00632703LZ-CW1,pasig-marikina-tullahan
P00632703LZ-CW1,pasig-marikina-tullahan__down
P00632704LZ-CW1,pasig-marikina-tullahan
P00632704LZ-CW1,pasig-marikina-tullahan__down
P00632705LZ-CW1,pasig-marikina-tullahan
P00632705LZ-CW1,pasig-marikina-tullahan__down
P00632706LZ-CW1,pasig-marikina-tullahan
P00632706LZ-CW1,pasig-marikina-tullahan__down
P00632708LZ-CW1,pasig-marikina-tullahan
P00632708LZ-CW1,pasig-marikina-tullahan__down
P00632709LZ-CW1,pasig-marikina-tullahan
P00632709LZ-CW1,pasig-marikina-tullahan__down
P00632710LZ-CW1,pasig-marikina-tullahan
P00632710LZ-CW1,pasig-marikina-tullahan__down
P00632711LZ-CW1,pasig-marikina-tullahan
P00632711LZ-CW1,pasig-marikina-tullahan__down
P00632712LZ-CW1,pasig-marikina-tullahan
P00632712LZ-CW1,pasig-marikina-tullahan__down
P00632713LZ-CW1,pasig-marikina-tullahan
P00632713LZ-CW1,pasig-marikina-tullahan__down
P00632717LZ-CW1,pasig-marikina-tullahan
P00632717LZ-CW1,pasig-marikina-tullahan__down
P00632718LZ-CW1,pasig-marikina-tullahan
P00632718LZ-CW1,pasig-marikina-tullahan__down
P00632719LZ-CW1,pasig-marikina-tullahan
P00632719LZ-CW1,pasig-marikina-tullahan__down
P00632720LZ-CW1,pasig-marikina-tullahan
P00632720LZ-CW1,pasig-marikina-tullahan__down
P00632720LZ-CW1,quezon-city
P00632721LZ-CW1,pasig-marikina-tullahan
P00632721LZ-CW1,pasig-marikina-tullahan__down
P00632721LZ-CW1,quezon-city
P00632722LZ-CW1,pasig-marikina-tullahan
P00632722LZ-CW1,pasig-marikina-tullahan__down
P00632722LZ-CW1,quezon-city
P00632723LZ-CW1,pasig-marikina-tullahan
P00632723LZ-CW1,pasig-marikina-tullahan__down
P00632723LZ-CW1,quezon-city
P00637000LZ-CW1,pasig-marikina-tullahan
P00637000LZ-CW1,pasig-marikina-tullahan__down
P00637000LZ-CW1,quezon-city
P00637001LZ-CW1,pasig-marikina-tullahan
P00637001LZ-CW1,pasig-marikina-tullahan__down
P00637001LZ-CW1,quezon-city
P00637002LZ-CW1,pasig-marikina-tullahan
P00637002LZ-CW1,pasig-marikina-tullahan__down
P00637002LZ-CW1,quezon-city
P00637003LZ-CW1,pasig-marikina-tullahan
P00637003LZ-CW1,pasig-marikina-tullahan__down
P00637003LZ-CW1,quezon-city
P00637004LZ-CW1,pasig-marikina-tullahan
P00637004LZ-CW1,pasig-marikina-tullahan__down
P00637004LZ-CW1,quezon-city
P00637005LZ-CW1,pasig-marikina-tullahan
P00637005LZ-CW1,pasig-marikina-tullahan__down
P00637005LZ-CW1,quezon-city
P00637039LZ-CW1,pasig-marikina-tullahan
P00637039LZ-CW1,pasig-marikina-tullahan__down
P00637040LZ-CW1,pasig-marikina-tullahan
P00637040LZ-CW1,pasig-marikina-tullahan__down
P00637042LZ-CW1,pasig-marikina-tullahan
P00637042LZ-CW1,pasig-marikina-tullahan__down
P00637042LZ-CW1,quezon-city
P00637043LZ-CW1,pasig-marikina-tullahan
P00637043LZ-CW1,pasig-marikina-tullahan__down
P00637044LZ-CW1,pasig-marikina-tullahan
P00637044LZ-CW1,pasig-marikina-tullahan__down
P00637045LZ-CW1,pasig-marikina-tullahan
P00637045LZ-CW1,pasig-marikina-tullahan__down
P00637756LZ-CW1,pasig-marikina-tullahan
P00637756LZ-CW1,pasig-marikina-tullahan__down
P00637757LZ-CW1,pasig-marikina-tullahan
P00637757LZ-CW1,pasig-marikina-tullahan__down
P00637758LZ-CW1,pasig-marikina-tullahan
P00637758LZ-CW1,pasig-marikina-tullahan__down
P00637760LZ-CW1,pasig-marikina-tullahan
P00637760LZ-CW1,pasig-marikina-tullahan__down
P00637760LZ-CW1,quezon-city
P00637761LZ-CW1,pasig-marikina-tullahan
P00637761LZ-CW1,pasig-marikina-tullahan__down
P00637761LZ-CW1,quezon-city
P00637762LZ-CW1,pasig-marikina-tullahan
P00637762LZ-CW1,pasig-marikina-tullahan__down
P00637762LZ-CW1,quezon-city
P00637803LZ-CW1,pasig-marikina-tullahan
P00637803LZ-CW1,pasig-marikina-tullahan__down
P00637804LZ-CW1,pasig-marikina-tullahan
P00637804LZ-CW1,pasig-marikina-tullahan__down
P00637805LZ-CW1,pasig-marikina-tullahan
P00637805LZ-CW1,pasig-marikina-tullahan__down
P00639311LZ-CW1,pasig-marikina-tullahan
P00639311LZ-CW1,pasig-marikina-tullahan__down
P00639311LZ-CW1,quezon-city
P00639312LZ-CW1,pasig-marikina-tullahan
P00639312LZ-CW1,pasig-marikina-tullahan__down
P00639375LZ-CW1,pasig-marikina-tullahan
P00639375LZ-CW1,pasig-marikina-tullahan__down
P00639378LZ-CW1,pasig-marikina-tullahan
P00639378LZ-CW1,pasig-marikina-tullahan__down
P00639402LZ-CW1,pasig-marikina-tullahan
P00639402LZ-CW1,pasig-marikina-tullahan__down
P00639403LZ-CW1,pasig-marikina-tullahan
P00639403LZ-CW1,pasig-marikina-tullahan__down
P00639405LZ-CW1,pasig-marikina-tullahan
P00639405LZ-CW1,pasig-marikina-tullahan__down
P00639406LZ-CW1,pasig-marikina-tullahan
P00639406LZ-CW1,pasig-marikina-tullahan__down
P00639407LZ-CW1,pasig-marikina-tullahan
P00639407LZ-CW1,pasig-marikina-tullahan__down
P00639413LZ-CW1,pasig-marikina-tullahan
P00639413LZ-CW1,pasig-marikina-tullahan__down
P00639413LZ-CW1,quezon-city
P00640484LZ-CW1,pasig-marikina-tullahan
P00640484LZ-CW1,pasig-marikina-tullahan__down
P00640485LZ-CW1,pasig-marikina-tullahan
P00640485LZ-CW1,pasig-marikina-tullahan__down
P00640487LZ-CW1,pasig-marikina-tullahan
P00640487LZ-CW1,pasig-marikina-tullahan__down
P00640487LZ-CW1,quezon-city
P00640488LZ-CW1,pasig-marikina-tullahan
P00640488LZ-CW1,pasig-marikina-tullahan__down
P00640488LZ-CW1,quezon-city
P00640489LZ-CW1,pasig-marikina-tullahan
P00640489LZ-CW1,pasig-marikina-tullahan__down
P00640489LZ-CW1,quezon-city
P00725477LZ-CW1,pasig-marikina-tullahan
P00725477LZ-CW1,pasig-marikina-tullahan__down
P00725478LZ-CW1,pasig-marikina-tullahan
P00725478LZ-CW1,pasig-marikina-tullahan__down
P00725479LZ-CW1,pasig-marikina-tullahan
P00725479LZ-CW1,pasig-marikina-tullahan__down
P00725491LZ-CW1,pasig-marikina-tullahan
P00725491LZ-CW1,pasig-marikina-tullahan__down
P00725495LZ-CW1,pasig-marikina-tullahan
P00725495LZ-CW1,pasig-marikina-tullahan__down
P00725496LZ-CW1,pasig-marikina-tullahan
P00725496LZ-CW1,pasig-marikina-tullahan__down
P00725497LZ-CW1,pasig-marikina-tullahan
P00725497LZ-CW1,pasig-marikina-tullahan__down
P00725498LZ-CW1,pasig-marikina-tullahan
P00725498LZ-CW1,pasig-marikina-tullahan__down
P00725501LZ-CW1,pasig-marikina-tullahan
P00725501LZ-CW1,pasig-marikina-tullahan__down
P00725502LZ-CW1,pasig-marikina-tullahan
P00725502LZ-CW1,pasig-marikina-tullahan__down
P00725503LZ-CW1,pasig-marikina-tullahan
P00725503LZ-CW1,pasig-marikina-tullahan__down
P00725504LZ-CW1,pasig-marikina-tullahan
P00725504LZ-CW1,pasig-marikina-tullahan__down
P00725505LZ-CW1,pasig-marikina-tullahan
P00725505LZ-CW1,pasig-marikina-tullahan__down
P00725506LZ-CW1,pasig-marikina-tullahan
P00725506LZ-CW1,pasig-marikina-tullahan__down
P00725507LZ-CW1,pasig-marikina-tullahan
P00725507LZ-CW1,pasig-marikina-tullahan__down
P00725508LZ-CW1,pasig-marikina-tullahan
P00725508LZ-CW1,pasig-marikina-tullahan__down
P00725509LZ-CW1,pasig-marikina-tullahan
P00725509LZ-CW1,pasig-marikina-tullahan__down
P00725513LZ-CW1,pasig-marikina-tullahan
P00725513LZ-CW1,pasig-marikina-tullahan__down
P00725513LZ-CW1,quezon-city
P00725519LZ-CW1,pasig-marikina-tullahan
P00725519LZ-CW1,pasig-marikina-tullahan__down
P00725525LZ-CW1,pasig-marikina-tullahan
P00725525LZ-CW1,pasig-marikina-tullahan__down
P00725528LZ-CW1,pasig-marikina-tullahan
P00725528LZ-CW1,pasig-marikina-tullahan__down
P00725529LZ-CW1,pasig-marikina-tullahan
P00725529LZ-CW1,pasig-marikina-tullahan__down
P00725530LZ-CW1,pasig-marikina-tullahan
P00725530LZ-CW1,pasig-marikina-tullahan__down
P00725541LZ-CW1,pasig-marikina-tullahan
P00725541LZ-CW1,pasig-marikina-tullahan__down
P00725552LZ-CW1,pasig-marikina-tullahan
P00725552LZ-CW1,pasig-marikina-tullahan__down
P00725552LZ-CW1,quezon-city
P00725553LZ-CW1,pasig-marikina-tullahan
P00725553LZ-CW1,pasig-marikina-tullahan__down
P00725553LZ-CW1,quezon-city
P00725570LZ-CW1,pasig-marikina-tullahan
P00725570LZ-CW1,pasig-marikina-tullahan__down
P00725574LZ-CW1,pasig-marikina-tullahan
P00725574LZ-CW1,pasig-marikina-tullahan__down
P00725841LZ-CW1,pasig-marikina-tullahan
P00725841LZ-CW1,pasig-marikina-tullahan__down
P00725922LZ-CW1,pasig-marikina-tullahan
P00725922LZ-CW1,pasig-marikina-tullahan__down
P00725923LZ-CW1,pasig-marikina-tullahan
P00725923LZ-CW1,pasig-marikina-tullahan__down
P00725924LZ-CW1,pasig-marikina-tullahan
P00725924LZ-CW1,pasig-marikina-tullahan__down
P00725952LZ-CW1,pasig-marikina-tullahan
P00725952LZ-CW1,pasig-marikina-tullahan__down
P00725955LZ-CW1,pasig-marikina-tullahan
P00725955LZ-CW1,pasig-marikina-tullahan__down
P00725969LZ-CW1,pasig-marikina-tullahan
P00725969LZ-CW1,pasig-marikina-tullahan__down
P00725970LZ-CW1,pasig-marikina-tullahan
P00725970LZ-CW1,pasig-marikina-tullahan__down
P00725973LZ-CW1,pasig-marikina-tullahan
P00725973LZ-CW1,pasig-marikina-tullahan__down
P00725975LZ-CW1,pasig-marikina-tullahan
P00725975LZ-CW1,pasig-marikina-tullahan__down
P00725977LZ-CW1,pasig-marikina-tullahan
P00725977LZ-CW1,pasig-marikina-tullahan__down
P00725994LZ-CW1,pasig-marikina-tullahan
P00725994LZ-CW1,pasig-marikina-tullahan__down
P00725995LZ-CW1,pasig-marikina-tullahan
P00725995LZ-CW1,pasig-marikina-tullahan__down
P00725996LZ-CW1,pasig-marikina-tullahan
P00725996LZ-CW1,pasig-marikina-tullahan__down
P00725997LZ-CW1,pasig-marikina-tullahan
P00725997LZ-CW1,pasig-marikina-tullahan__down
P00725999LZ-CW1,pasig-marikina-tullahan
P00725999LZ-CW1,pasig-marikina-tullahan__down
P00726000LZ-CW1,pasig-marikina-tullahan
P00726000LZ-CW1,pasig-marikina-tullahan__down
P00726001LZ-CW1,pasig-marikina-tullahan
P00726001LZ-CW1,pasig-marikina-tullahan__down
P00726002LZ-CW1,pasig-marikina-tullahan
P00726002LZ-CW1,pasig-marikina-tullahan__down
P00726003LZ-CW1,pasig-marikina-tullahan
P00726003LZ-CW1,pasig-marikina-tullahan__down
P00726004LZ-CW1,pasig-marikina-tullahan
P00726004LZ-CW1,pasig-marikina-tullahan__down
P00726005LZ-CW1,pasig-marikina-tullahan
P00726005LZ-CW1,pasig-marikina-tullahan__down
P00726006LZ-CW1,pasig-marikina-tullahan
P00726006LZ-CW1,pasig-marikina-tullahan__down
P00726007LZ-CW1,pasig-marikina-tullahan
P00726007LZ-CW1,pasig-marikina-tullahan__down
P00726008LZ-CW1,pasig-marikina-tullahan
P00726008LZ-CW1,pasig-marikina-tullahan__down
P00726012LZ-CW1,pasig-marikina-tullahan
P00726012LZ-CW1,pasig-marikina-tullahan__down
P00726012LZ-CW1,quezon-city
P00726014LZ-CW1,pasig-marikina-tullahan
P00726014LZ-CW1,pasig-marikina-tullahan__down
P00726014LZ-CW1,quezon-city
P00726015LZ-CW1,pasig-marikina-tullahan
P00726015LZ-CW1,pasig-marikina-tullahan__down
P00726015LZ-CW1,quezon-city
P00726016LZ-CW1,pasig-marikina-tullahan
P00726016LZ-CW1,pasig-marikina-tullahan__down
P00726016LZ-CW1,quezon-city
P00726017LZ-CW1,pasig-marikina-tullahan
P00726017LZ-CW1,pasig-marikina-tullahan__down
P00726017LZ-CW1,quezon-city
P00726018LZ-CW1,pasig-marikina-tullahan
P00726018LZ-CW1,pasig-marikina-tullahan__down
P00726018LZ-CW1,quezon-city
P00726019LZ-CW1,pasig-marikina-tullahan
P00726019LZ-CW1,pasig-marikina-tullahan__down
P00726019LZ-CW1,quezon-city
P00726021LZ-CW1,pasig-marikina-tullahan
P00726021LZ-CW1,pasig-marikina-tullahan__down
P00726021LZ-CW1,quezon-city
P00726023LZ-CW1,pasig-marikina-tullahan
P00726023LZ-CW1,pasig-marikina-tullahan__down
P00726023LZ-CW1,quezon-city
P00726024LZ-CW1,pasig-marikina-tullahan
P00726024LZ-CW1,pasig-marikina-tullahan__down
P00726024LZ-CW1,quezon-city
P00726025LZ-CW1,pasig-marikina-tullahan
P00726025LZ-CW1,pasig-marikina-tullahan__down
P00726025LZ-CW1,quezon-city
P00726026LZ-CW1,pasig-marikina-tullahan
P00726026LZ-CW1,pasig-marikina-tullahan__down
P00726026LZ-CW1,quezon-city
P00726028LZ-CW1,pasig-marikina-tullahan
P00726028LZ-CW1,pasig-marikina-tullahan__down
P00726028LZ-CW1,quezon-city
P00726029LZ-CW1,pasig-marikina-tullahan
P00726029LZ-CW1,pasig-marikina-tullahan__down
P00726029LZ-CW1,quezon-city
P00726030LZ-CW1,pasig-marikina-tullahan
P00726030LZ-CW1,pasig-marikina-tullahan__down
P00726030LZ-CW1,quezon-city
P00726031LZ-CW1,pasig-marikina-tullahan
P00726031LZ-CW1,pasig-marikina-tullahan__down
P00726031LZ-CW1,quezon-city
P00726032LZ-CW1,pasig-marikina-tullahan
P00726032LZ-CW1,pasig-marikina-tullahan__down
P00726032LZ-CW1,quezon-city
P00726033LZ-CW1,pasig-marikina-tullahan
P00726033LZ-CW1,pasig-marikina-tullahan__down
P00726033LZ-CW1,quezon-city
P00726034LZ-CW1,pasig-marikina-tullahan
P00726034LZ-CW1,pasig-marikina-tullahan__down
P00726035LZ-CW1,pasig-marikina-tullahan
P00726035LZ-CW1,pasig-marikina-tullahan__down
P00726235LZ-CW1,antipolo-rodriguez-uplands
P00726235LZ-CW1,pasig-marikina-tullahan
P00726235LZ-CW1,pasig-marikina-tullahan__up
P00726236LZ-CW1,antipolo-rodriguez-uplands
P00726236LZ-CW1,pasig-marikina-tullahan
P00726236LZ-CW1,pasig-marikina-tullahan__up
P00726237LZ-CW1,pasig-marikina-tullahan
P00726237LZ-CW1,pasig-marikina-tullahan__up
P00726238LZ-CW1,pasig-marikina-tullahan
P00726238LZ-CW1,pasig-marikina-tullahan__up
P00726239LZ-CW1,antipolo-rodriguez-uplands
P00726239LZ-CW1,pasig-marikina-tullahan
P00726239LZ-CW1,pasig-marikina-tullahan__up
P00726240LZ-CW1,pasig-marikina-tullahan
P00726240LZ-CW1,pasig-marikina-tullahan__up
P00726241LZ-CW1,antipolo-rodriguez-uplands
P00726241LZ-CW1,pasig-marikina-tullahan
P00726241LZ-CW1,pasig-marikina-tullahan__up
P00726245LZ-CW1,antipolo-rodriguez-uplands
P00726245LZ-CW1,pasig-marikina-tullahan
P00726245LZ-CW1,pasig-marikina-tullahan__up
P00726246LZ-CW1,antipolo-rodriguez-uplands
P00726246LZ-CW1,pasig-marikina-tullahan
P00726246LZ-CW1,pasig-marikina-tullahan__up
P00726247LZ-CW1,antipolo-rodriguez-uplands
P00726247LZ-CW1,pasig-marikina-tullahan
P00726247LZ-CW1,pasig-marikina-tullahan__up
P00726249LZ-CW1,pasig-marikina-tullahan
P00726249LZ-CW1,pasig-marikina-tullahan__up
P00726256LZ-CW1,pasig-marikina-tullahan
P00726256LZ-CW1,pasig-marikina-tullahan__down
P00726257LZ-CW1,pasig-marikina-tullahan
P00726257LZ-CW1,pasig-marikina-tullahan__down
P00726322LZ-CW1,pasig-marikina-tullahan
P00726322LZ-CW1,pasig-marikina-tullahan__down
P00726568LZ-CW1,pasig-marikina-tullahan
P00726568LZ-CW1,pasig-marikina-tullahan__down
P00726569LZ-CW1,pasig-marikina-tullahan
P00726569LZ-CW1,pasig-marikina-tullahan__down
P00726631LZ-CW1,pasig-marikina-tullahan
P00726631LZ-CW1,pasig-marikina-tullahan__down
P00726775LZ-CW1,pasig-marikina-tullahan
P00726775LZ-CW1,pasig-marikina-tullahan__down
P00726776LZ-CW1,pasig-marikina-tullahan
P00726776LZ-CW1,pasig-marikina-tullahan__down
P00726777LZ-CW1,pasig-marikina-tullahan
P00726777LZ-CW1,pasig-marikina-tullahan__down
P00726778LZ-CW1,pasig-marikina-tullahan
P00726778LZ-CW1,pasig-marikina-tullahan__down
P00726779LZ-CW1,pasig-marikina-tullahan
P00726779LZ-CW1,pasig-marikina-tullahan__down
P00726780LZ-CW1,pasig-marikina-tullahan
P00726780LZ-CW1,pasig-marikina-tullahan__down
P00726781LZ-CW1,pasig-marikina-tullahan
P00726781LZ-CW1,pasig-marikina-tullahan__down
P00726782LZ-CW1,pasig-marikina-tullahan
P00726782LZ-CW1,pasig-marikina-tullahan__down
P00726787LZ-CW1,pasig-marikina-tullahan
P00726787LZ-CW1,pasig-marikina-tullahan__down
P00726788LZ-CW1,pasig-marikina-tullahan
P00726788LZ-CW1,pasig-marikina-tullahan__down
P00726789LZ-CW1,pasig-marikina-tullahan
P00726789LZ-CW1,pasig-marikina-tullahan__down
P00726790LZ-CW1,pasig-marikina-tullahan
P00726790LZ-CW1,pasig-marikina-tullahan__down
P00726795LZ-CW1,pasig-marikina-tullahan
P00726795LZ-CW1,pasig-marikina-tullahan__down
P00726797LZ-CW1,pasig-marikina-tullahan
P00726797LZ-CW1,pasig-marikina-tullahan__down
P00726798LZ-CW1,pasig-marikina-tullahan
P00726798LZ-CW1,pasig-marikina-tullahan__down
P00726799LZ-CW1,pasig-marikina-tullahan
P00726799LZ-CW1,pasig-marikina-tullahan__down
P00726800LZ-CW1,pasig-marikina-tullahan
P00726800LZ-CW1,pasig-marikina-tullahan__down
P00726801LZ-CW1,pasig-marikina-tullahan
P00726801LZ-CW1,pasig-marikina-tullahan__down
P00726802LZ-CW1,pasig-marikina-tullahan
P00726802LZ-CW1,pasig-marikina-tullahan__down
P00726806LZ-CW1,pasig-marikina-tullahan
P00726806LZ-CW1,pasig-marikina-tullahan__down
P00726807LZ-CW1,pasig-marikina-tullahan
P00726807LZ-CW1,pasig-marikina-tullahan__down
P00726808LZ-CW1,pasig-marikina-tullahan
P00726808LZ-CW1,pasig-marikina-tullahan__down
P00726809LZ-CW1,pasig-marikina-tullahan
P00726809LZ-CW1,pasig-marikina-tullahan__down
P00726810LZ-CW1,pasig-marikina-tullahan
P00726810LZ-CW1,pasig-marikina-tullahan__down
P00726811LZ-CW1,pasig-marikina-tullahan
P00726811LZ-CW1,pasig-marikina-tullahan__down
P00726812LZ-CW1,pasig-marikina-tullahan
P00726812LZ-CW1,pasig-marikina-tullahan__down
P00726813LZ-CW1,pasig-marikina-tullahan
P00726813LZ-CW1,pasig-marikina-tullahan__down
P00726814LZ-CW1,pasig-marikina-tullahan
P00726814LZ-CW1,pasig-marikina-tullahan__down
P00726926LZ-CW1,pasig-marikina-tullahan
P00726926LZ-CW1,pasig-marikina-tullahan__down
P00726927LZ-CW1,pasig-marikina-tullahan
P00726927LZ-CW1,pasig-marikina-tullahan__down
P00726990LZ-CW1,pasig-marikina-tullahan
P00726990LZ-CW1,pasig-marikina-tullahan__down
P00726991LZ-CW1,pasig-marikina-tullahan
P00726991LZ-CW1,pasig-marikina-tullahan__down
P00726992LZ-CW1,pasig-marikina-tullahan
P00726992LZ-CW1,pasig-marikina-tullahan__down
P00726993LZ-CW1,pasig-marikina-tullahan
P00726993LZ-CW1,pasig-marikina-tullahan__down
P00726994LZ-CW1,pasig-marikina-tullahan
P00726994LZ-CW1,pasig-marikina-tullahan__down
P00726995LZ-CW1,pasig-marikina-tullahan
P00726995LZ-CW1,pasig-marikina-tullahan__down
P00726996LZ-CW1,pasig-marikina-tullahan
P00726996LZ-CW1,pasig-marikina-tullahan__down
P00726997LZ-CW1,pasig-marikina-tullahan
P00726997LZ-CW1,pasig-marikina-tullahan__down
P00726998LZ-CW1,pasig-marikina-tullahan
P00726998LZ-CW1,pasig-marikina-tullahan__down
P00726999LZ-CW1,pasig-marikina-tullahan
P00726999LZ-CW1,pasig-marikina-tullahan__down
P00727000LZ-CW1,pasig-marikina-tullahan
P00727000LZ-CW1,pasig-marikina-tullahan__down
P00727001LZ-CW1,pasig-marikina-tullahan
P00727001LZ-CW1,pasig-marikina-tullahan__down
P00727017LZ-CW1,pasig-marikina-tullahan
P00727017LZ-CW1,pasig-marikina-tullahan__down
P00727020LZ-CW1,pasig-marikina-tullahan
P00727020LZ-CW1,pasig-marikina-tullahan__down
P00727024LZ-CW1,pasig-marikina-tullahan
P00727024LZ-CW1,pasig-marikina-tullahan__down
P00727025LZ-CW1,pasig-marikina-tullahan
P00727025LZ-CW1,pasig-marikina-tullahan__down
P00727026LZ-CW1,pasig-marikina-tullahan
P00727026LZ-CW1,pasig-marikina-tullahan__down
P00727027LZ-CW1,pasig-marikina-tullahan
P00727027LZ-CW1,pasig-marikina-tullahan__down
P00727028LZ-CW1,pasig-marikina-tullahan
P00727028LZ-CW1,pasig-marikina-tullahan__down
P00727028LZ-CW1,quezon-city
P00727029LZ-CW1,pasig-marikina-tullahan
P00727029LZ-CW1,pasig-marikina-tullahan__down
P00727029LZ-CW1,quezon-city
P00727030LZ-CW1,pasig-marikina-tullahan
P00727030LZ-CW1,pasig-marikina-tullahan__down
P00727030LZ-CW1,quezon-city
P00727031LZ-CW1,pasig-marikina-tullahan
P00727031LZ-CW1,pasig-marikina-tullahan__down
P00727031LZ-CW1,quezon-city
P00727032LZ-CW1,pasig-marikina-tullahan
P00727032LZ-CW1,pasig-marikina-tullahan__down
P00727032LZ-CW1,quezon-city
P00727033LZ-CW1,pasig-marikina-tullahan
P00727033LZ-CW1,pasig-marikina-tullahan__down
P00727033LZ-CW1,quezon-city
P00727034LZ-CW1,pasig-marikina-tullahan
P00727034LZ-CW1,pasig-marikina-tullahan__down
P00727034LZ-CW1,quezon-city
P00727035LZ-CW1,pasig-marikina-tullahan
P00727035LZ-CW1,pasig-marikina-tullahan__down
P00727035LZ-CW1,quezon-city
P00727036LZ-CW1,pasig-marikina-tullahan
P00727036LZ-CW1,pasig-marikina-tullahan__down
P00727036LZ-CW1,quezon-city
P00727037LZ-CW1,pasig-marikina-tullahan
P00727037LZ-CW1,pasig-marikina-tullahan__down
P00727037LZ-CW1,quezon-city
P00727038LZ-CW1,pasig-marikina-tullahan
P00727038LZ-CW1,pasig-marikina-tullahan__down
P00727038LZ-CW1,quezon-city
P00727039LZ-CW1,pasig-marikina-tullahan
P00727039LZ-CW1,pasig-marikina-tullahan__down
P00727039LZ-CW1,quezon-city
P00727040LZ-CW1,pasig-marikina-tullahan
P00727040LZ-CW1,pasig-marikina-tullahan__down
P00727040LZ-CW1,quezon-city
P00727041LZ-CW1,pasig-marikina-tullahan
P00727041LZ-CW1,pasig-marikina-tullahan__down
P00727172LZ-CW1,antipolo-rodriguez-uplands
P00727172LZ-CW1,pasig-marikina-tullahan
P00727172LZ-CW1,pasig-marikina-tullahan__up
P00727228LZ-CW1,pasig-marikina-tullahan
P00727228LZ-CW1,pasig-marikina-tullahan__down
P00727229LZ-CW1,pasig-marikina-tullahan
P00727229LZ-CW1,pasig-marikina-tullahan__down
P00727230LZ-CW1,pasig-marikina-tullahan
P00727230LZ-CW1,pasig-marikina-tullahan__down
P00727230LZ-CW1,quezon-city
P00727231LZ-CW1,pasig-marikina-tullahan
P00727231LZ-CW1,pasig-marikina-tullahan__down
P00727232LZ-CW1,pasig-marikina-tullahan
P00727232LZ-CW1,pasig-marikina-tullahan__down
P00727361LZ-CW1,pasig-marikina-tullahan
P00727361LZ-CW1,pasig-marikina-tullahan__down
P00727368LZ-CW1,pasig-marikina-tullahan
P00727368LZ-CW1,pasig-marikina-tullahan__down
P00736164LZ-CW1,pasig-marikina-tullahan
P00736164LZ-CW1,pasig-marikina-tullahan__down
P00736169LZ-CW1,pasig-marikina-tullahan
P00736169LZ-CW1,pasig-marikina-tullahan__down
P00736169LZ-CW1,quezon-city
P00736170LZ-CW1,pasig-marikina-tullahan
P00736170LZ-CW1,pasig-marikina-tullahan__down
P00736170LZ-CW1,quezon-city
P00736171LZ-CW1,pasig-marikina-tullahan
P00736171LZ-CW1,pasig-marikina-tullahan__down
P00736171LZ-CW1,quezon-city
P00736172LZ-CW1,pasig-marikina-tullahan
P00736172LZ-CW1,pasig-marikina-tullahan__down
P00736172LZ-CW1,quezon-city
P00736173LZ-CW1,pasig-marikina-tullahan
P00736173LZ-CW1,pasig-marikina-tullahan__down
P00736173LZ-CW1,quezon-city
P00736174LZ-CW1,pasig-marikina-tullahan
P00736174LZ-CW1,pasig-marikina-tullahan__down
P00736174LZ-CW1,quezon-city
P00736622LZ-CW1,pasig-marikina-tullahan
P00736622LZ-CW1,pasig-marikina-tullahan__down
P00737363LZ-CW1,pasig-marikina-tullahan
P00737363LZ-CW1,pasig-marikina-tullahan__down
P00737390LZ-CW1,pasig-marikina-tullahan
P00737390LZ-CW1,pasig-marikina-tullahan__down
P00737390LZ-CW1,quezon-city
P00737391LZ-CW1,pasig-marikina-tullahan
P00737391LZ-CW1,pasig-marikina-tullahan__down
P00737392LZ-CW1,pasig-marikina-tullahan
P00737392LZ-CW1,pasig-marikina-tullahan__down
P00737398LZ-CW1,pasig-marikina-tullahan
P00737398LZ-CW1,pasig-marikina-tullahan__down
P00737399LZ-CW1,pasig-marikina-tullahan
P00737399LZ-CW1,pasig-marikina-tullahan__down
P00737400LZ-CW1,pasig-marikina-tullahan
P00737400LZ-CW1,pasig-marikina-tullahan__down
P00737401LZ-CW1,pasig-marikina-tullahan
P00737401LZ-CW1,pasig-marikina-tullahan__down
P00737402LZ-CW1,pasig-marikina-tullahan
P00737402LZ-CW1,pasig-marikina-tullahan__down
P00737403LZ-CW1,pasig-marikina-tullahan
P00737403LZ-CW1,pasig-marikina-tullahan__down
P00737404LZ-CW1,pasig-marikina-tullahan
P00737404LZ-CW1,pasig-marikina-tullahan__down
P00737405LZ-CW1,pasig-marikina-tullahan
P00737405LZ-CW1,pasig-marikina-tullahan__down
P00737535LZ-CW1,pasig-marikina-tullahan
P00737535LZ-CW1,pasig-marikina-tullahan__down
P00737536LZ-CW1,pasig-marikina-tullahan
P00737536LZ-CW1,pasig-marikina-tullahan__down
P00737537LZ-CW1,pasig-marikina-tullahan
P00737537LZ-CW1,pasig-marikina-tullahan__down
P00737539LZ-CW1,pasig-marikina-tullahan
P00737539LZ-CW1,pasig-marikina-tullahan__down
P00737540LZ-CW1,pasig-marikina-tullahan
P00737540LZ-CW1,pasig-marikina-tullahan__down
P00737541LZ-CW1,pasig-marikina-tullahan
P00737541LZ-CW1,pasig-marikina-tullahan__down
P00737542LZ-CW1,pasig-marikina-tullahan
P00737542LZ-CW1,pasig-marikina-tullahan__down
P00737544LZ-CW1,pasig-marikina-tullahan
P00737544LZ-CW1,pasig-marikina-tullahan__down
P00740278LZ-CW1,pasig-marikina-tullahan
P00740278LZ-CW1,pasig-marikina-tullahan__down
P00740279LZ-CW1,pasig-marikina-tullahan
P00740279LZ-CW1,pasig-marikina-tullahan__down
P00740280LZ-CW1,pasig-marikina-tullahan
P00740280LZ-CW1,pasig-marikina-tullahan__down
P00740281LZ-CW1,pasig-marikina-tullahan
P00740281LZ-CW1,pasig-marikina-tullahan__down
P00740282LZ-CW1,pasig-marikina-tullahan
P00740282LZ-CW1,pasig-marikina-tullahan__down
P00740283LZ-CW1,pasig-marikina-tullahan
P00740283LZ-CW1,pasig-marikina-tullahan__down
P00740284LZ-CW1,pasig-marikina-tullahan
P00740284LZ-CW1,pasig-marikina-tullahan__down
P00740285LZ-CW1,pasig-marikina-tullahan
P00740285LZ-CW1,pasig-marikina-tullahan__down
P00740286LZ-CW1,pasig-marikina-tullahan
P00740286LZ-CW1,pasig-marikina-tullahan__down
P00740287LZ-CW1,pasig-marikina-tullahan
P00740287LZ-CW1,pasig-marikina-tullahan__down
P00740288LZ-CW1,pasig-marikina-tullahan
P00740288LZ-CW1,pasig-marikina-tullahan__down
P00740289LZ-CW1,pasig-marikina-tullahan
P00740289LZ-CW1,pasig-marikina-tullahan__down
P00740290LZ-CW1,pasig-marikina-tullahan
P00740290LZ-CW1,pasig-marikina-tullahan__down
P00740291LZ-CW1,pasig-marikina-tullahan
P00740291LZ-CW1,pasig-marikina-tullahan__down
P00740292LZ-CW1,pasig-marikina-tullahan
P00740292LZ-CW1,pasig-marikina-tullahan__down
P00740293LZ-CW1,pasig-marikina-tullahan
P00740293LZ-CW1,pasig-marikina-tullahan__down
P00740294LZ-CW1,pasig-marikina-tullahan
P00740294LZ-CW1,pasig-marikina-tullahan__down
P00740295LZ-CW1,pasig-marikina-tullahan
P00740295LZ-CW1,pasig-marikina-tullahan__down
P00740296LZ-CW1,pasig-marikina-tullahan
P00740296LZ-CW1,pasig-marikina-tullahan__down
P00740297LZ-CW1,pasig-marikina-tullahan
P00740297LZ-CW1,pasig-marikina-tullahan__down
P00740298LZ-CW1,pasig-marikina-tullahan
P00740298LZ-CW1,pasig-marikina-tullahan__down
P00740299LZ-CW1,pasig-marikina-tullahan
P00740299LZ-CW1,pasig-marikina-tullahan__down
P00740391LZ-CW1,pasig-marikina-tullahan
P00740391LZ-CW1,pasig-marikina-tullahan__up
P00740507LZ-CW1,pasig-marikina-tullahan
P00740507LZ-CW1,pasig-marikina-tullahan__down
P00740507LZ-CW1,quezon-city
P00740511LZ-CW1,pasig-marikina-tullahan
P00740511LZ-CW1,pasig-marikina-tullahan__down
P00742216LZ-CW1,pasig-marikina-tullahan
P00742216LZ-CW1,pasig-marikina-tullahan__down
P00742218LZ-CW1,pasig-marikina-tullahan
P00742218LZ-CW1,pasig-marikina-tullahan__down
P00742219LZ-CW1,pasig-marikina-tullahan
P00742219LZ-CW1,pasig-marikina-tullahan__down
P00742220LZ-CW1,pasig-marikina-tullahan
P00742220LZ-CW1,pasig-marikina-tullahan__down
P00742221LZ-CW1,pasig-marikina-tullahan
P00742221LZ-CW1,pasig-marikina-tullahan__down
P00742222LZ-CW1,pasig-marikina-tullahan
P00742222LZ-CW1,pasig-marikina-tullahan__down
P00742223LZ-CW1,pasig-marikina-tullahan
P00742223LZ-CW1,pasig-marikina-tullahan__down
P00742224LZ-CW1,pasig-marikina-tullahan
P00742224LZ-CW1,pasig-marikina-tullahan__down
P00742225LZ-CW1,pasig-marikina-tullahan
P00742225LZ-CW1,pasig-marikina-tullahan__down
P00742226LZ-CW1,pasig-marikina-tullahan
P00742226LZ-CW1,pasig-marikina-tullahan__down
P00742227LZ-CW1,pasig-marikina-tullahan
P00742227LZ-CW1,pasig-marikina-tullahan__down
P00742228LZ-CW1,pasig-marikina-tullahan
P00742228LZ-CW1,pasig-marikina-tullahan__down
P00742229LZ-CW1,pasig-marikina-tullahan
P00742229LZ-CW1,pasig-marikina-tullahan__down
P00742230LZ-CW1,pasig-marikina-tullahan
P00742230LZ-CW1,pasig-marikina-tullahan__up
P00742231LZ-CW1,pasig-marikina-tullahan
P00742231LZ-CW1,pasig-marikina-tullahan__down
P00742232LZ-CW1,pasig-marikina-tullahan
P00742232LZ-CW1,pasig-marikina-tullahan__down
P00742233LZ-CW1,pasig-marikina-tullahan
P00742233LZ-CW1,pasig-marikina-tullahan__down
P00742237LZ-CW1,pasig-marikina-tullahan
P00742237LZ-CW1,pasig-marikina-tullahan__down
P00742238LZ-CW1,pasig-marikina-tullahan
P00742238LZ-CW1,pasig-marikina-tullahan__down
P00742242LZ-CW1,pasig-marikina-tullahan
P00742242LZ-CW1,pasig-marikina-tullahan__down
P00742243LZ-CW1,pasig-marikina-tullahan
P00742243LZ-CW1,pasig-marikina-tullahan__down
P00742244LZ-CW1,pasig-marikina-tullahan
P00742244LZ-CW1,pasig-marikina-tullahan__down
P00742246LZ-CW1,pasig-marikina-tullahan
P00742246LZ-CW1,pasig-marikina-tullahan__down
P00742246LZ-CW1,quezon-city
P00742247LZ-CW1,pasig-marikina-tullahan
P00742247LZ-CW1,pasig-marikina-tullahan__down
P00742247LZ-CW1,quezon-city
P00742248LZ-CW1,pasig-marikina-tullahan
P00742248LZ-CW1,pasig-marikina-tullahan__down
P00742248LZ-CW1,quezon-city
P00742449LZ-CW1,pasig-marikina-tullahan
P00742449LZ-CW1,pasig-marikina-tullahan__up
P00820007LZ-CW1,pasig-marikina-tullahan
P00820007LZ-CW1,pasig-marikina-tullahan__down
P00820010LZ-CW1,pasig-marikina-tullahan
P00820010LZ-CW1,pasig-marikina-tullahan__down
P00820011LZ-CW1,pasig-marikina-tullahan
P00820011LZ-CW1,pasig-marikina-tullahan__down
P00820012LZ-CW1,pasig-marikina-tullahan
P00820012LZ-CW1,pasig-marikina-tullahan__down
P00820013LZ-CW1,pasig-marikina-tullahan
P00820013LZ-CW1,pasig-marikina-tullahan__down
P00820019LZ-CW1,pasig-marikina-tullahan
P00820019LZ-CW1,pasig-marikina-tullahan__down
P00820022LZ-CW1,pasig-marikina-tullahan
P00820022LZ-CW1,pasig-marikina-tullahan__down
P00820023LZ-CW1,pasig-marikina-tullahan
P00820023LZ-CW1,pasig-marikina-tullahan__down
P00820023LZ-CW1,quezon-city
P00820027LZ-CW1,pasig-marikina-tullahan
P00820027LZ-CW1,pasig-marikina-tullahan__down
P00820027LZ-CW1,quezon-city
P00820036LZ-CW1,pasig-marikina-tullahan
P00820036LZ-CW1,pasig-marikina-tullahan__down
P00820037LZ-CW1,pasig-marikina-tullahan
P00820037LZ-CW1,pasig-marikina-tullahan__down
P00820049LZ-CW1,pasig-marikina-tullahan
P00820049LZ-CW1,pasig-marikina-tullahan__down
P00820051LZ-CW1,pasig-marikina-tullahan
P00820051LZ-CW1,pasig-marikina-tullahan__down
P00820056LZ-CW1,pasig-marikina-tullahan
P00820056LZ-CW1,pasig-marikina-tullahan__down
P00820057LZ-CW1,pasig-marikina-tullahan
P00820057LZ-CW1,pasig-marikina-tullahan__down
P00820060LZ-CW1,pasig-marikina-tullahan
P00820060LZ-CW1,pasig-marikina-tullahan__down
P00820063LZ-CW1,pasig-marikina-tullahan
P00820063LZ-CW1,pasig-marikina-tullahan__down
P00820068LZ-CW1,pasig-marikina-tullahan
P00820068LZ-CW1,pasig-marikina-tullahan__down
P00820070LZ-CW1,pasig-marikina-tullahan
P00820070LZ-CW1,pasig-marikina-tullahan__down
P00820072LZ-CW1,pasig-marikina-tullahan
P00820072LZ-CW1,pasig-marikina-tullahan__down
P00820085LZ-CW1,pasig-marikina-tullahan
P00820085LZ-CW1,pasig-marikina-tullahan__down
P00820086LZ-CW1,pasig-marikina-tullahan
P00820086LZ-CW1,pasig-marikina-tullahan__down
P00820087LZ-CW1,pasig-marikina-tullahan
P00820087LZ-CW1,pasig-marikina-tullahan__down
P00820088LZ-CW1,pasig-marikina-tullahan
P00820088LZ-CW1,pasig-marikina-tullahan__down
P00820089LZ-CW1,pasig-marikina-tullahan
P00820089LZ-CW1,pasig-marikina-tullahan__down
P00820090LZ-CW1,pasig-marikina-tullahan
P00820090LZ-CW1,pasig-marikina-tullahan__down
P00820233LZ-CW1,pasig-marikina-tullahan
P00820233LZ-CW1,pasig-marikina-tullahan__down
P00820234LZ-CW1,pasig-marikina-tullahan
P00820234LZ-CW1,pasig-marikina-tullahan__down
P00820298LZ-CW1,pasig-marikina-tullahan
P00820298LZ-CW1,pasig-marikina-tullahan__down
P00820304LZ-CW1,pasig-marikina-tullahan
P00820304LZ-CW1,pasig-marikina-tullahan__down
P00820305LZ-CW1,pasig-marikina-tullahan
P00820305LZ-CW1,pasig-marikina-tullahan__down
P00820521LZ-CW1,pasig-marikina-tullahan
P00820521LZ-CW1,pasig-marikina-tullahan__down
P00820523LZ-CW1,pasig-marikina-tullahan
P00820523LZ-CW1,pasig-marikina-tullahan__down
P00820528LZ-CW1,pasig-marikina-tullahan
P00820528LZ-CW1,pasig-marikina-tullahan__down
P00820529LZ-CW1,pasig-marikina-tullahan
P00820529LZ-CW1,pasig-marikina-tullahan__down
P00820535LZ-CW1,pasig-marikina-tullahan
P00820535LZ-CW1,pasig-marikina-tullahan__down
P00820538LZ-CW1,pasig-marikina-tullahan
P00820538LZ-CW1,pasig-marikina-tullahan__down
P00820539LZ-CW1,pasig-marikina-tullahan
P00820539LZ-CW1,pasig-marikina-tullahan__down
P00820541LZ-CW1,pasig-marikina-tullahan
P00820541LZ-CW1,pasig-marikina-tullahan__down
P00820542LZ-CW1,pasig-marikina-tullahan
P00820542LZ-CW1,pasig-marikina-tullahan__down
P00820543LZ-CW1,pasig-marikina-tullahan
P00820543LZ-CW1,pasig-marikina-tullahan__down
P00820544LZ-CW1,pasig-marikina-tullahan
P00820544LZ-CW1,pasig-marikina-tullahan__down
P00820545LZ-CW1,pasig-marikina-tullahan
P00820545LZ-CW1,pasig-marikina-tullahan__down
P00820547LZ-CW1,pasig-marikina-tullahan
P00820547LZ-CW1,pasig-marikina-tullahan__down
P00820548LZ-CW1,pasig-marikina-tullahan
P00820548LZ-CW1,pasig-marikina-tullahan__down
P00820549LZ-CW1,pasig-marikina-tullahan
P00820549LZ-CW1,pasig-marikina-tullahan__down
P00820550LZ-CW1,pasig-marikina-tullahan
P00820550LZ-CW1,pasig-marikina-tullahan__down
P00820551LZ-CW1,pasig-marikina-tullahan
P00820551LZ-CW1,pasig-marikina-tullahan__down
P00820552LZ-CW1,pasig-marikina-tullahan
P00820552LZ-CW1,pasig-marikina-tullahan__down
P00820553LZ-CW1,pasig-marikina-tullahan
P00820553LZ-CW1,pasig-marikina-tullahan__down
P00820554LZ-CW1,pasig-marikina-tullahan
P00820554LZ-CW1,pasig-marikina-tullahan__down
P00820556LZ-CW1,pasig-marikina-tullahan
P00820556LZ-CW1,pasig-marikina-tullahan__down
P00820557LZ-CW1,pasig-marikina-tullahan
P00820557LZ-CW1,pasig-marikina-tullahan__down
P00820560LZ-CW1,pasig-marikina-tullahan
P00820560LZ-CW1,pasig-marikina-tullahan__down
P00820561LZ-CW1,pasig-marikina-tullahan
P00820561LZ-CW1,pasig-marikina-tullahan__down
P00820582LZ-CW1,pasig-marikina-tullahan
P00820582LZ-CW1,pasig-marikina-tullahan__down
P00820583LZ-CW1,pasig-marikina-tullahan
P00820583LZ-CW1,pasig-marikina-tullahan__down
P00820595LZ-CW1,pasig-marikina-tullahan
P00820595LZ-CW1,pasig-marikina-tullahan__down
P00820610LZ-CW1,pasig-marikina-tullahan
P00820610LZ-CW1,pasig-marikina-tullahan__down
P00820613LZ-CW1,pasig-marikina-tullahan
P00820613LZ-CW1,pasig-marikina-tullahan__down
P00820616LZ-CW1,pasig-marikina-tullahan
P00820616LZ-CW1,pasig-marikina-tullahan__down
P00820619LZ-CW1,pasig-marikina-tullahan
P00820619LZ-CW1,pasig-marikina-tullahan__down
P00820620LZ-CW1,pasig-marikina-tullahan
P00820620LZ-CW1,pasig-marikina-tullahan__down
P00820622LZ-CW1,pasig-marikina-tullahan
P00820622LZ-CW1,pasig-marikina-tullahan__down
P00820624LZ-CW1,pasig-marikina-tullahan
P00820624LZ-CW1,pasig-marikina-tullahan__down
P00820625LZ-CW1,pasig-marikina-tullahan
P00820625LZ-CW1,pasig-marikina-tullahan__down
P00820625LZ-CW1,quezon-city
P00820632LZ-CW1,pasig-marikina-tullahan
P00820632LZ-CW1,pasig-marikina-tullahan__down
P00820632LZ-CW1,quezon-city
P00820633LZ-CW1,pasig-marikina-tullahan
P00820633LZ-CW1,pasig-marikina-tullahan__down
P00820633LZ-CW1,quezon-city
P00820641LZ-CW1,pasig-marikina-tullahan
P00820641LZ-CW1,pasig-marikina-tullahan__down
P00820641LZ-CW1,quezon-city
P00820644LZ-CW1,pasig-marikina-tullahan
P00820644LZ-CW1,pasig-marikina-tullahan__down
P00820644LZ-CW1,quezon-city
P00820648LZ-CW1,pasig-marikina-tullahan
P00820648LZ-CW1,pasig-marikina-tullahan__down
P00820648LZ-CW1,quezon-city
P00820649LZ-CW1,pasig-marikina-tullahan
P00820649LZ-CW1,pasig-marikina-tullahan__down
P00820649LZ-CW1,quezon-city
P00820654LZ-CW1,pasig-marikina-tullahan
P00820654LZ-CW1,pasig-marikina-tullahan__down
P00820655LZ-CW1,pasig-marikina-tullahan
P00820655LZ-CW1,pasig-marikina-tullahan__down
P00820656LZ-CW1,pasig-marikina-tullahan
P00820656LZ-CW1,pasig-marikina-tullahan__down
P00820657LZ-CW1,pasig-marikina-tullahan
P00820657LZ-CW1,pasig-marikina-tullahan__down
P00820658LZ-CW1,pasig-marikina-tullahan
P00820658LZ-CW1,pasig-marikina-tullahan__down
P00820659LZ-CW1,pasig-marikina-tullahan
P00820659LZ-CW1,pasig-marikina-tullahan__down
P00820660LZ-CW1,pasig-marikina-tullahan
P00820660LZ-CW1,pasig-marikina-tullahan__down
P00820662LZ-CW1,pasig-marikina-tullahan
P00820662LZ-CW1,pasig-marikina-tullahan__down
P00820826LZ-CW1,pasig-marikina-tullahan
P00820826LZ-CW1,pasig-marikina-tullahan__down
P00820939LZ-CW1,antipolo-rodriguez-uplands
P00820939LZ-CW1,pasig-marikina-tullahan
P00820939LZ-CW1,pasig-marikina-tullahan__up
P00820943LZ-CW1,antipolo-rodriguez-uplands
P00820943LZ-CW1,pasig-marikina-tullahan
P00820943LZ-CW1,pasig-marikina-tullahan__up
P00821046LZ-CW1,pasig-marikina-tullahan
P00821046LZ-CW1,pasig-marikina-tullahan__down
P00821047LZ-CW1,pasig-marikina-tullahan
P00821047LZ-CW1,pasig-marikina-tullahan__down
P00821048LZ-CW1,pasig-marikina-tullahan
P00821048LZ-CW1,pasig-marikina-tullahan__down
P00821058LZ-CW1,pasig-marikina-tullahan
P00821058LZ-CW1,pasig-marikina-tullahan__down
P00821428LZ-CW1,pasig-marikina-tullahan
P00821428LZ-CW1,pasig-marikina-tullahan__down
P00821429LZ-CW1,pasig-marikina-tullahan
P00821429LZ-CW1,pasig-marikina-tullahan__down
P00821446LZ-CW1,pasig-marikina-tullahan
P00821446LZ-CW1,pasig-marikina-tullahan__down
P00821454LZ-CW1,pasig-marikina-tullahan
P00821454LZ-CW1,pasig-marikina-tullahan__down
P00821454LZ-CW1,quezon-city
P00821458LZ-CW1,pasig-marikina-tullahan
P00821458LZ-CW1,pasig-marikina-tullahan__down
P00821458LZ-CW1,quezon-city
P00823233LZ-CW1,pasig-marikina-tullahan
P00823233LZ-CW1,pasig-marikina-tullahan__down
P00823234LZ-CW1,pasig-marikina-tullahan
P00823234LZ-CW1,pasig-marikina-tullahan__down
P00823235LZ-CW1,pasig-marikina-tullahan
P00823235LZ-CW1,pasig-marikina-tullahan__down
P00823236LZ-CW1,pasig-marikina-tullahan
P00823236LZ-CW1,pasig-marikina-tullahan__down
P00823238LZ-CW1,pasig-marikina-tullahan
P00823238LZ-CW1,pasig-marikina-tullahan__down
P00823239LZ-CW1,pasig-marikina-tullahan
P00823239LZ-CW1,pasig-marikina-tullahan__down
P00823240LZ-CW1,pasig-marikina-tullahan
P00823240LZ-CW1,pasig-marikina-tullahan__down
P00823241LZ-CW1,pasig-marikina-tullahan
P00823241LZ-CW1,pasig-marikina-tullahan__down
P00823242LZ-CW1,pasig-marikina-tullahan
P00823242LZ-CW1,pasig-marikina-tullahan__down
P00823243LZ-CW1,pasig-marikina-tullahan
P00823243LZ-CW1,pasig-marikina-tullahan__down
P00823244LZ-CW1,pasig-marikina-tullahan
P00823244LZ-CW1,pasig-marikina-tullahan__down
P00823245LZ-CW1,pasig-marikina-tullahan
P00823245LZ-CW1,pasig-marikina-tullahan__down
P00823246LZ-CW1,pasig-marikina-tullahan
P00823246LZ-CW1,pasig-marikina-tullahan__down
P00823247LZ-CW1,pasig-marikina-tullahan
P00823247LZ-CW1,pasig-marikina-tullahan__down
P00823248LZ-CW1,pasig-marikina-tullahan
P00823248LZ-CW1,pasig-marikina-tullahan__down
P00823249LZ-CW1,pasig-marikina-tullahan
P00823249LZ-CW1,pasig-marikina-tullahan__down
P00823250LZ-CW1,pasig-marikina-tullahan
P00823250LZ-CW1,pasig-marikina-tullahan__down
P00823251LZ-CW1,pasig-marikina-tullahan
P00823251LZ-CW1,pasig-marikina-tullahan__down
P00823252LZ-CW1,pasig-marikina-tullahan
P00823252LZ-CW1,pasig-marikina-tullahan__down
P00823258LZ-CW1,pasig-marikina-tullahan
P00823258LZ-CW1,pasig-marikina-tullahan__down
P00823258LZ-CW1,quezon-city
P00823262LZ-CW1,pasig-marikina-tullahan
P00823262LZ-CW1,pasig-marikina-tullahan__down
P00823268LZ-CW1,pasig-marikina-tullahan
P00823268LZ-CW1,pasig-marikina-tullahan__down
P00823273LZ-CW1,pasig-marikina-tullahan
P00823273LZ-CW1,pasig-marikina-tullahan__down
P00823273LZ-CW1,quezon-city
P00823274LZ-CW1,pasig-marikina-tullahan
P00823274LZ-CW1,pasig-marikina-tullahan__down
P00823275LZ-CW1,pasig-marikina-tullahan
P00823275LZ-CW1,pasig-marikina-tullahan__down
P00823552LZ-CW1,pasig-marikina-tullahan
P00823552LZ-CW1,pasig-marikina-tullahan__down
P00823657LZ-CW1,pasig-marikina-tullahan
P00823657LZ-CW1,pasig-marikina-tullahan__down
P00824584LZ-CW1,pasig-marikina-tullahan
P00824584LZ-CW1,pasig-marikina-tullahan__down
P00824585LZ-CW1,pasig-marikina-tullahan
P00824585LZ-CW1,pasig-marikina-tullahan__down
P00824596LZ-CW1,pasig-marikina-tullahan
P00824596LZ-CW1,pasig-marikina-tullahan__down
P00824605LZ-CW1,pasig-marikina-tullahan
P00824605LZ-CW1,pasig-marikina-tullahan__down
P00824606LZ-CW1,pasig-marikina-tullahan
P00824606LZ-CW1,pasig-marikina-tullahan__down
P00824607LZ-CW1,pasig-marikina-tullahan
P00824607LZ-CW1,pasig-marikina-tullahan__down
P00824609LZ-CW1,pasig-marikina-tullahan
P00824609LZ-CW1,pasig-marikina-tullahan__down
P00824612LZ-CW1,pasig-marikina-tullahan
P00824612LZ-CW1,pasig-marikina-tullahan__down
P00824613LZ-CW1,pasig-marikina-tullahan
P00824613LZ-CW1,pasig-marikina-tullahan__down
P00824614LZ-CW1,pasig-marikina-tullahan
P00824614LZ-CW1,pasig-marikina-tullahan__down
P00824615LZ-CW1,pasig-marikina-tullahan
P00824615LZ-CW1,pasig-marikina-tullahan__down
P00824615LZ-CW1,quezon-city
P00824616LZ-CW1,pasig-marikina-tullahan
P00824616LZ-CW1,pasig-marikina-tullahan__down
P00824616LZ-CW1,quezon-city
P00824620LZ-CW1,pasig-marikina-tullahan
P00824620LZ-CW1,pasig-marikina-tullahan__down
P00824620LZ-CW1,quezon-city
P00824625LZ-CW1,pasig-marikina-tullahan
P00824625LZ-CW1,pasig-marikina-tullahan__down
P00824625LZ-CW1,quezon-city
P00824630LZ-CW1,pasig-marikina-tullahan
P00824630LZ-CW1,pasig-marikina-tullahan__down
P00824630LZ-CW1,quezon-city
P00824794LZ-CW1,pasig-marikina-tullahan
P00824794LZ-CW1,pasig-marikina-tullahan__down
P00825200LZ-CW1,pasig-marikina-tullahan
P00825200LZ-CW1,pasig-marikina-tullahan__down
P00825203LZ-CW1,pasig-marikina-tullahan
P00825203LZ-CW1,pasig-marikina-tullahan__down
P00825204LZ-CW1,pasig-marikina-tullahan
P00825204LZ-CW1,pasig-marikina-tullahan__down
P00838333LZ-CW1,pasig-marikina-tullahan
P00838333LZ-CW1,pasig-marikina-tullahan__down
P00838334LZ-CW1,pasig-marikina-tullahan
P00838334LZ-CW1,pasig-marikina-tullahan__down
P00838335LZ-CW1,pasig-marikina-tullahan
P00838335LZ-CW1,pasig-marikina-tullahan__down
P00838472LZ-CW1,pasig-marikina-tullahan
P00838472LZ-CW1,pasig-marikina-tullahan__down
P00838476LZ-CW1,pasig-marikina-tullahan
P00838476LZ-CW1,pasig-marikina-tullahan__down
P00838479LZ-CW1,pasig-marikina-tullahan
P00838479LZ-CW1,pasig-marikina-tullahan__down
P00838479LZ-CW1,quezon-city
P00839457LZ-CW1,pasig-marikina-tullahan
P00839457LZ-CW1,pasig-marikina-tullahan__down
P00839458LZ-CW1,pasig-marikina-tullahan
P00839458LZ-CW1,pasig-marikina-tullahan__down
P00839459LZ-CW1,pasig-marikina-tullahan
P00839459LZ-CW1,pasig-marikina-tullahan__down
P00839517LZ-CW1,pasig-marikina-tullahan
P00839517LZ-CW1,pasig-marikina-tullahan__down
P00839521LZ-CW1,pasig-marikina-tullahan
P00839521LZ-CW1,pasig-marikina-tullahan__down
P00839523LZ-CW1,pasig-marikina-tullahan
P00839523LZ-CW1,pasig-marikina-tullahan__down
P00839524LZ-CW1,pasig-marikina-tullahan
P00839524LZ-CW1,pasig-marikina-tullahan__down
P00839525LZ-CW1,pasig-marikina-tullahan
P00839525LZ-CW1,pasig-marikina-tullahan__down
P00839526LZ-CW1,pasig-marikina-tullahan
P00839526LZ-CW1,pasig-marikina-tullahan__down
P00839527LZ-CW1,pasig-marikina-tullahan
P00839527LZ-CW1,pasig-marikina-tullahan__down
P00839528LZ-CW1,pasig-marikina-tullahan
P00839528LZ-CW1,pasig-marikina-tullahan__down
P00839530LZ-CW1,pasig-marikina-tullahan
P00839530LZ-CW1,pasig-marikina-tullahan__down
P00839530LZ-CW1,quezon-city
P00839534LZ-CW1,pasig-marikina-tullahan
P00839534LZ-CW1,pasig-marikina-tullahan__down
P00839534LZ-CW1,quezon-city
P00839535LZ-CW1,pasig-marikina-tullahan
P00839535LZ-CW1,pasig-marikina-tullahan__down
P00839535LZ-CW1,quezon-city
P00839536LZ-CW1,pasig-marikina-tullahan
P00839536LZ-CW1,pasig-marikina-tullahan__down
P00839536LZ-CW1,quezon-city
P00839537LZ-CW1,pasig-marikina-tullahan
P00839537LZ-CW1,pasig-marikina-tullahan__down
P00839537LZ-CW1,quezon-city
P00839651LZ-CW1,pasig-marikina-tullahan
P00839651LZ-CW1,pasig-marikina-tullahan__down
P00843172LZ-CW1,pasig-marikina-tullahan
P00843172LZ-CW1,pasig-marikina-tullahan__down
P00844531LZ-CW1,pasig-marikina-tullahan
P00844531LZ-CW1,pasig-marikina-tullahan__down
P00844682LZ-CW1,pasig-marikina-tullahan
P00844682LZ-CW1,pasig-marikina-tullahan__down
P00844683LZ-CW1,pasig-marikina-tullahan
P00844683LZ-CW1,pasig-marikina-tullahan__down
P00844687LZ-CW1,pasig-marikina-tullahan
P00844687LZ-CW1,pasig-marikina-tullahan__down
P00844687LZ-CW1,quezon-city
P00844688LZ-CW1,pasig-marikina-tullahan
P00844688LZ-CW1,pasig-marikina-tullahan__down
P00844688LZ-CW1,quezon-city
P00844689LZ-CW1,pasig-marikina-tullahan
P00844689LZ-CW1,pasig-marikina-tullahan__down
P00844689LZ-CW1,quezon-city
P00844745LZ-CW1,pasig-marikina-tullahan
P00844745LZ-CW1,pasig-marikina-tullahan__down
P00845859LZ-CW1,pasig-marikina-tullahan
P00845859LZ-CW1,pasig-marikina-tullahan__down
P00845861LZ-CW1,pasig-marikina-tullahan
P00845861LZ-CW1,pasig-marikina-tullahan__down
P00845866LZ-CW1,pasig-marikina-tullahan
P00845866LZ-CW1,pasig-marikina-tullahan__down
P00845868LZ-CW1,pasig-marikina-tullahan
P00845868LZ-CW1,pasig-marikina-tullahan__down
P00845869LZ-CW1,pasig-marikina-tullahan
P00845869LZ-CW1,pasig-marikina-tullahan__down
P00845872LZ-CW1,pasig-marikina-tullahan
P00845872LZ-CW1,pasig-marikina-tullahan__down
P00845878LZ-CW1,pasig-marikina-tullahan
P00845878LZ-CW1,pasig-marikina-tullahan__down
P00845878LZ-CW1,quezon-city
P00845879LZ-CW1,pasig-marikina-tullahan
P00845879LZ-CW1,pasig-marikina-tullahan__down
P00845879LZ-CW1,quezon-city
P00848596LZ-CW1,pasig-marikina-tullahan
P00848596LZ-CW1,pasig-marikina-tullahan__down
P00848596LZ-CW1,quezon-city
P00920010LZ-CW1,pasig-marikina-tullahan
P00920010LZ-CW1,pasig-marikina-tullahan__down
P00920012LZ-CW1,pasig-marikina-tullahan
P00920012LZ-CW1,pasig-marikina-tullahan__down
P00920053LZ-CW1,pasig-marikina-tullahan
P00920053LZ-CW1,pasig-marikina-tullahan__down
P00920054LZ-CW1,pasig-marikina-tullahan
P00920054LZ-CW1,pasig-marikina-tullahan__down
P00920131LZ-CW1,pasig-marikina-tullahan
P00920131LZ-CW1,pasig-marikina-tullahan__down
P00920745LZ-CW1,pasig-marikina-tullahan
P00920745LZ-CW1,pasig-marikina-tullahan__down
P00920747LZ-CW1,pasig-marikina-tullahan
P00920747LZ-CW1,pasig-marikina-tullahan__down
P00922881LZ-CW1,pasig-marikina-tullahan
P00922881LZ-CW1,pasig-marikina-tullahan__down
P00941129LZ-CW1,pasig-marikina-tullahan
P00941129LZ-CW1,pasig-marikina-tullahan__down
